66272,Noe Schneider
31517,Cecilia Stone
35804,Sidney Carson
90557,Yasmine Henson
56342,Chaya Mcdaniel
46250,Jameson Torres
29742,Miles Ortega
45376,Amy Fischer
57307,Anderson Donovan
88585,Bruno Mccarthy
32571,Marcelo Lara
59747,Lyric Galloway
68765,Haleigh Knight
48069,Janae Burnett
19208,Kendra Vance
73299,Sarai Dickerson
26747,Cheyanne Dougherty
43685,Aylin Buck
36062,Fabian Hicks
82867,Kasey Rocha
89543,Livia Patton
35864,Nora Castro
30590,Laila Spears
50223,Demarcus Castro
54758,Immanuel Sampson
66846,Noelle Bryant
19026,Asher Page
85612,Laurel Weaver
37644,Litzy Mcintosh
14765,Darius Garrison
82149,Elle Odonnell
65010,Cornelius Haas
26051,Alexus Davis
30704,Donte Simpson
36895,Adrian Ho
11722,Nicole Barajas
10494,Gavyn Salas
52099,Joyce Booker
72423,Maia Oconnor
91050,Nathaly Palmer
38770,Bryant Montgomery
20341,Reyna Arellano
42864,Keagan Tapia
30077,Clark Bowers
33316,Anahi Booth
65202,Kara Schaefer
65368,Sanaa Figueroa
23334,Aarav Obrien
16089,June Cardenas
53785,Grace Yoder
41313,Gaige Williams
79096,Alejandra Gomez
80101,Renee Riddle
87117,Kash Bowers
50586,Kamren Larsen
30349,Maci Valencia
78987,Ally Cooper
23210,Yaretzi Ashley
73668,Brooklynn Rosales
79116,Oswaldo Kramer
45934,Aubree Washington
51431,Kason Merritt
33971,Emery Castro
42727,Yazmin Osborne
21186,Warren Christian
79373,Michaela Blackburn
93302,Holden Cummings
95903,Scarlett Villanueva
92910,Cailyn Cohen
50068,Amya Carroll
76649,Thalia Hickman
13041,Willow Ferrell
29721,Liliana Rubio
84329,Nathanial Chambers
78594,Corbin Mahoney
30974,Nash Reeves
14356,Brice Rosario
60314,Omar Garrett
12542,Silas Lowery
83682,Marisol Rhodes
47124,Spencer Novak
19959,Dylan Escobar
35721,Jayleen Ramos
56874,Cassius Ramsey
64591,Quinn Salazar
49858,Gavyn Horn
37420,Giovanni Mcknight
92219,Cristina Mcdowell
53695,Mckenna Simon
22356,Phoebe Fox
15304,Emerson Coleman
68094,Aimee Durham
53959,Damian Vaughan
41158,Mark Mitchell
54794,Kasey Donovan
26154,Caitlyn Pineda
60841,Matias Herman
84606,Karlee Hampton
19505,London Vincent
40778,Kole Beasley